# source	target   (source is a premise of target)
I.A1	I.P14.C2
I.A1	I.P15
I.A1	I.P27
I.A1	I.P28
I.A1	I.P4
I.A1	I.P6.C1
I.A3	V.P33
I.A4	I.P25
I.A4	I.P3
I.A4	I.P4
I.A4	I.P6.C1
I.A4	II.P16
I.A4	II.P45
I.A4	II.P5
I.A4	II.P6
I.A4	II.P7
I.A4	V.P22
I.A5	I.P3
I.A5	II.P13
I.A6	I.P30
I.A6	II.P29
I.A6	II.P32
I.A6	II.P44
I.A6	II.P44.C2
I.D1	I.P24
I.D2	I.P21
I.D2	I.P8
I.D3	I.P1
I.D3	I.P10
I.D3	I.P15
I.D3	I.P2
I.D3	I.P28
I.D3	I.P4
I.D3	I.P5
I.D3	I.P6.C1
I.D4	I.P10
I.D4	I.P12
I.D4	I.P19
I.D4	I.P9
I.D5	I.P1
I.D5	I.P15
I.D5	I.P23
I.D5	I.P25.C1
I.D5	I.P31
I.D5	I.P4
I.D5	I.P6.C1
I.D5	II.P1
I.D6	I.P11
I.D6	I.P14
I.D6	I.P14.C1
I.D6	I.P16
I.D6	I.P19
I.D6	I.P31
I.D6	I.P5
I.D6	II.P1
I.D6	IV.P28
I.D6	V.P35
I.D7	I.P17.C2
I.D7	I.P32
I.D7	III.P49
I.D8	I.P19
I.D8	I.P20
I.D8	I.P23
I.D8	V.P29
I.D8	V.P30
I.P1	I.P5
I.P10	I.P12
I.P10	I.P14.C1
I.P10	II.P5
I.P10	II.P6
I.P11	I.P13
I.P11	I.P14
I.P11	I.P17.C2
I.P11	I.P19
I.P11	I.P21
I.P11	I.P29
I.P11	I.P33
I.P11	I.P34
I.P11	V.P35
I.P13	I.P13.C1
I.P14	I.P14.C1
I.P14	I.P14.C2
I.P14	I.P15
I.P14	I.P18
I.P14.C1	I.P17.C2
I.P14.C1	I.P24.C1
I.P14.C1	I.P30
I.P14.C1	I.P33
I.P14.C1	II.P4
I.P15	I.P17
I.P15	I.P18
I.P15	I.P23
I.P15	I.P25
I.P15	I.P25.C1
I.P15	I.P29
I.P15	I.P30
I.P15	I.P31
I.P15	II.L1
I.P15	II.P3
I.P15	II.P33
I.P15	II.P36
I.P15	II.P45
I.P15	IV.P28
I.P15	IV.P37
I.P15	V.P14
I.P16	I.P16.C1
I.P16	I.P16.C2
I.P16	I.P16.C3
I.P16	I.P17
I.P16	I.P26
I.P16	I.P29
I.P16	I.P33
I.P16	I.P34
I.P16	I.P36
I.P16	II.P3
I.P16	II.P44.C2
I.P16	IV.P4
I.P16	V.P22
I.P16.C1	I.P18
I.P17	I.P17.C1
I.P17	I.P17.C2
I.P17.C1	II.P48
I.P19	I.P20
I.P2	I.P11
I.P2	I.P12
I.P2	I.P6
I.P20	I.P20.C1
I.P20	I.P20.C2
I.P20.C1	V.P17
I.P20.C2	I.P21
I.P21	I.P22
I.P21	I.P23
I.P21	I.P28
I.P21	II.P11
I.P21	II.P30
I.P21	IV.P4
I.P22	I.P23
I.P23	I.P32
I.P24	I.P24.C1
I.P24.C1	I.P28
I.P24.C1	I.P29
I.P24.C1	IV.P4
I.P25	I.P25.C1
I.P25	I.P26
I.P25	V.P22
I.P25.C1	I.P36
I.P25.C1	II.P1
I.P25.C1	II.P5
I.P25.C1	III.P6
I.P25.C1	V.P24
I.P25.C1	V.P36
I.P26	I.P28
I.P26	I.P29
I.P27	I.P29
I.P28	I.P32
I.P28	II.L3
I.P28	II.P30
I.P28	II.P31
I.P28	II.P48
I.P28	II.P9
I.P28	IV.P29
I.P29	I.P32.C2
I.P29	I.P33
I.P29	II.P31.C1
I.P29	II.P44
I.P29	III.P7
I.P29	V.P6
I.P3	I.P6
I.P30	II.P4
I.P32	I.P32.C1
I.P32	I.P32.C2
I.P33	II.P31.C1
I.P33	IV.P11
I.P34	I.P35
I.P34	I.P36
I.P34	III.P6
I.P34	IV.P4
I.P35	II.P3
I.P36	II.P13
I.P36	III.P1
I.P36	III.P7
I.P4	I.P5
I.P5	I.P12
I.P5	I.P13
I.P5	I.P14
I.P5	I.P6.C1
I.P5	I.P8
I.P5	II.L1
I.P6	I.P12
I.P6	I.P6.C1
I.P6	II.P45
I.P6.C1	I.P7
I.P7	I.P11
I.P7	I.P12
I.P7	I.P13
I.P7	I.P19
I.P7	I.P8
I.P7	II.P10
I.P8	I.P12
I.P8	II.L1
II.A1	II.L3
II.A1	II.P10
II.A1	II.P11
II.A1	II.P16
II.A1	II.P30
II.A2	II.P11
II.A2	II.P17.C1
II.A3	II.P11
II.A3	II.P49
II.A4	II.P13
II.D1	II.L2
II.D1	II.L3
II.D1	III.P2
II.D2	II.P10
II.D2	II.P37
II.D4	IV.P62
II.D4	V.P17
II.D6	V.P35
II.D6	V.P40
II.L1	II.L4
II.L2	II.P38.C1
II.L2	V.P4
II.L3	II.P16
II.L3	II.P17.C1
II.L3	II.P24
II.L4	II.L7
II.L4	II.P24
II.L4	IV.P39
II.P1	II.P2
II.P1	II.P20
II.P1	II.P3
II.P10	II.P10.C1
II.P10	II.P11
II.P10	III.P27
II.P11	II.P11.C1
II.P11	II.P12
II.P11	II.P13
II.P11	II.P20
II.P11	II.P23
II.P11	II.P48
II.P11	III.P10
II.P11	III.P3
II.P11	IV.P37
II.P11	V.P38
II.P11	V.P9
II.P11.C1	II.P12
II.P11.C1	II.P13
II.P11.C1	II.P19
II.P11.C1	II.P23
II.P11.C1	II.P24
II.P11.C1	II.P30
II.P11.C1	II.P34
II.P11.C1	II.P38
II.P11.C1	II.P39
II.P11.C1	II.P40
II.P11.C1	II.P43
II.P11.C1	III.P1
II.P11.C1	III.P28
II.P11.C1	V.P36
II.P12	II.P14
II.P12	II.P17
II.P12	II.P17.C1
II.P12	II.P19
II.P12	II.P21
II.P12	II.P22
II.P12	II.P38
II.P12	IV.P7
II.P12	V.P4
II.P13	II.P15
II.P13	II.P19
II.P13	II.P21
II.P13	II.P23
II.P13	II.P24
II.P13	II.P29
II.P13	II.P39
II.P13	III.P3
II.P13	III.P51
II.P13	IV.P39
II.P13	V.P23
II.P13	V.P29
II.P13	V.P4
II.P14	III.P11
II.P14	IV.P38
II.P15	III.P3
II.P16	II.P16.C1
II.P16	II.P16.C2
II.P16	II.P17
II.P16	II.P19
II.P16	II.P23
II.P16	II.P26
II.P16	II.P27
II.P16	II.P28
II.P16	II.P38
II.P16	II.P39
II.P16	IV.P5
II.P16.C1	II.P47
II.P16.C1	III.P14
II.P16.C1	III.P18
II.P16.C1	IV.P9
II.P16.C1	V.P34
II.P17	II.P17.C1
II.P17	II.P26.C1
II.P17	II.P47
II.P17	III.P12
II.P17	III.P13
II.P17	III.P18
II.P17	III.P19
II.P17	III.P25
II.P17	III.P27
II.P17	III.P28
II.P17	III.P56
II.P17	IV.P9
II.P17	V.P21
II.P17	V.P34
II.P17	V.P7
II.P17.C1	II.P18
II.P17.C1	IV.P13
II.P18	III.P14
II.P18	III.P52
II.P18	IV.P13
II.P18	V.P1
II.P18	V.P12
II.P18	V.P13
II.P18	V.P21
II.P19	II.P23
II.P19	II.P29.C1
II.P19	II.P47
II.P19	III.P30
II.P19	III.P31.C1
II.P19	III.P53
II.P20	II.P22
II.P20	II.P23
II.P20	II.P43
II.P21	II.P22
II.P21	IV.P8
II.P21	V.P3
II.P22	II.P23
II.P22	II.P47
II.P22	IV.P8
II.P23	II.P29.C1
II.P23	II.P47
II.P23	III.P30
II.P23	III.P53
II.P23	III.P9
II.P24	II.P28
II.P24	II.P36
II.P25	II.P26.C1
II.P25	II.P29.C1
II.P26	II.P26.C1
II.P26	V.P21
II.P26	V.P29
II.P27	II.P29
II.P27	II.P29.C1
II.P28	II.P29.C1
II.P28	II.P36
II.P29	II.P29.C1
II.P29	IV.P64
II.P29.C1	III.P3
II.P3	II.P20
II.P3	II.P24
II.P3	II.P5
II.P3	II.P9.C1
II.P3	V.P22
II.P3	V.P35
II.P30	II.P31
II.P30	II.P31.C1
II.P31	II.P31.C1
II.P32	II.P33
II.P32	II.P34
II.P32	II.P36
II.P32	IV.P1
II.P32	V.P17
II.P33	II.P35
II.P33	IV.P1
II.P34	II.P41
II.P34	II.P43
II.P35	II.P41
II.P35	IV.P1
II.P35	V.P5
II.P37	II.P38.C1
II.P37	II.P44.C2
II.P38	II.P38.C1
II.P38	II.P44.C2
II.P38	II.P46
II.P38	V.P4
II.P38	V.P7
II.P38.C1	III.P3
II.P39	II.P39.C1
II.P4	III.P31.C1
II.P40	II.P42
II.P40	III.P1
II.P40	III.P56
II.P40	III.P58
II.P40	IV.P26
II.P40	IV.P27
II.P40	IV.P52
II.P40	V.P10
II.P40	V.P12
II.P40	V.P25
II.P40	V.P28
II.P40	V.P31
II.P40	V.P7
II.P41	II.P44
II.P41	II.P44.C2
II.P41	IV.P27
II.P41	IV.P35
II.P41	IV.P62
II.P43	III.P58
II.P43	IV.P52
II.P43	IV.P56
II.P43	IV.P62
II.P44	II.P44.C1
II.P44	II.P44.C2
II.P44	III.P18
II.P44.C1	IV.P62
II.P44.C1	V.P29
II.P45	II.P46
II.P45	II.P47
II.P46	II.P47
II.P46	V.P18
II.P46	V.P31
II.P47	IV.P36
II.P47	IV.P37
II.P47	V.P10
II.P47	V.P18
II.P48	II.P49.C1
II.P49	II.P49.C1
II.P5	III.P31.C1
II.P6	II.L3
II.P6	II.P36
II.P6	II.P45
II.P6	II.P6.C1
II.P6	II.P9
II.P6	III.P2
II.P6	IV.P29
II.P6	IV.P7
II.P6.C1	V.P1
II.P7	II.P15
II.P7	II.P19
II.P7	II.P20
II.P7	II.P24
II.P7	II.P25
II.P7	II.P26
II.P7	II.P7.C1
II.P7	II.P8
II.P7	II.P9
II.P7	II.P9.C1
II.P7	III.P11
II.P7	III.P12
II.P7	V.P1
II.P7.C1	II.P32
II.P7.C1	II.P36
II.P7.C1	II.P38
II.P7.C1	II.P39
II.P7.C1	III.P28
II.P8	II.P45
II.P8	II.P8.C1
II.P8	II.P9
II.P8	II.P9.C1
II.P8.C1	II.P11
II.P8.C1	II.P15
II.P8.C1	V.P21
II.P8.C1	V.P23
II.P9	II.P10.C1
II.P9	II.P19
II.P9	II.P20
II.P9	II.P24
II.P9	II.P25
II.P9	II.P9.C1
II.P9	III.P1
II.P9.C1	II.P12
II.P9.C1	II.P13
II.P9.C1	II.P30
II.P9.C1	III.P10
II.PhysA1	II.P24
II.PhysA1	III.P51
II.PhysA1	III.P57
II.Post1	II.P15
II.Post1	II.P24
II.Post3	II.P14
II.Post3	II.P28
II.Post3	III.P51
II.Post4	II.P19
II.Post4	IV.P39
II.Post5	II.P17.C1
II.Post6	II.P14
III.D1	III.P1
III.D1	IV.P2
III.D1	IV.P23
III.D1	IV.P33
III.D1	IV.P5
III.D1	V.P31
III.D2	III.P1
III.D2	IV.P15
III.D2	IV.P2
III.D2	IV.P35
III.D2	IV.P35.C1
III.D2	IV.P52
III.D2	IV.P61
III.D2	IV.P64
III.D3	III.P14
III.DE1	IV.P15
III.DE1	IV.P18
III.DE1	IV.P19
III.DE1	IV.P21
III.DE1	IV.P37
III.DE1	IV.P59
III.DE1	IV.P61
III.DE1	V.P26
III.DE1	V.P28
III.DE13	IV.P47
III.DE18	IV.P50
III.DE19	IV.P51
III.DE2	V.P17
III.DE2	V.P27
III.DE21	IV.P48
III.DE22	IV.P48
III.DE23	V.P20
III.DE25	IV.P52
III.DE25	V.P27
III.DE25	V.P32
III.DE26	IV.P53
III.DE27	IV.P54
III.DE28	IV.P55
III.DE28	IV.P57
III.DE29	IV.P55
III.DE3	IV.P64
III.DE3	V.P17
III.DE30	IV.P49
III.DE30	IV.P58
III.DE4	IV.P59
III.DE40	IV.P69
III.DE41	IV.P69
III.DE6	IV.P57
III.DE6	V.P15
III.DE6	V.P17.C1
III.DE6	V.P2
III.DE6	V.P32.C1
III.DE7	V.P17.C1
III.DE7	V.P18
III.DE7	V.P2
III.P1	III.P1.C1
III.P1	III.P27.C1
III.P1	III.P3
III.P1	III.P31.C1
III.P1	III.P48
III.P1	III.P56
III.P1	III.P58
III.P1	III.P59
III.P1	IV.P15
III.P1	IV.P23
III.P11	III.P12
III.P11	III.P15
III.P11	III.P15.C1
III.P11	III.P19
III.P11	III.P20
III.P11	III.P21
III.P11	III.P23
III.P11	III.P34
III.P11	III.P35
III.P11	III.P37
III.P11	III.P38
III.P11	III.P53
III.P11	III.P55
III.P11	III.P55.C2
III.P11	III.P56
III.P11	III.P57
III.P11	III.P59
III.P11	IV.P29
III.P11	IV.P30
III.P11	IV.P41
III.P11	IV.P42
III.P11	IV.P43
III.P11	IV.P44
III.P11	IV.P51
III.P12	III.P13
III.P12	III.P15.C1
III.P12	III.P19
III.P12	III.P25
III.P12	III.P28
III.P12	III.P33
III.P13	III.P13.C1
III.P13	III.P15.C1
III.P13	III.P17
III.P13	III.P20
III.P13	III.P22
III.P13	III.P23
III.P13	III.P25
III.P13	III.P27.C3
III.P13	III.P28
III.P13	III.P29
III.P13	III.P33
III.P13	III.P35
III.P13	III.P38
III.P13	III.P39
III.P13	III.P45
III.P13	III.P48
III.P13	III.P49
III.P13	III.P55.C2
III.P13	III.P57
III.P13	IV.P57
III.P13.C1	III.P15.C1
III.P13.C1	III.P38
III.P14	III.P15
III.P14	III.P15.C1
III.P14	III.P16
III.P15	III.P15.C1
III.P15	III.P16
III.P15	III.P36
III.P15	III.P50
III.P15.C1	III.P35
III.P15.C1	III.P41
III.P16	III.P17
III.P16	III.P41
III.P16	III.P46
III.P16	IV.P34
III.P17	III.P31
III.P18	III.P50
III.P18	IV.P12
III.P19	III.P21
III.P19	III.P36.C1
III.P19	III.P42
III.P19	V.P19
III.P2	V.P1
III.P20	III.P23
III.P20	III.P28
III.P21	III.P22
III.P21	III.P25
III.P21	III.P26
III.P21	III.P27.C1
III.P22	III.P24
III.P22	III.P27.C1
III.P23	III.P26
III.P23	III.P38
III.P24	III.P55.C2
III.P25	III.P26
III.P25	IV.P49
III.P26	III.P27.C1
III.P26	III.P27.C3
III.P26	III.P40.C2
III.P27	III.P27.C1
III.P27	III.P27.C2
III.P27	III.P27.C3
III.P27	III.P29
III.P27	III.P30
III.P27	III.P31
III.P27	III.P32
III.P27	III.P40
III.P27	III.P47
III.P27	III.P53.C1
III.P28	III.P31.C1
III.P28	III.P32
III.P28	III.P35
III.P28	III.P38
III.P28	III.P39
III.P28	V.P19
III.P29	III.P33
III.P29	III.P43
III.P29	III.P53.C1
III.P3	III.P56
III.P3	III.P9
III.P3	IV.P24
III.P3	IV.P32
III.P3	IV.P35
III.P3	IV.P51
III.P3	IV.P52
III.P3	IV.P59
III.P3	IV.P61
III.P3	IV.P64
III.P3	V.P18
III.P3	V.P3
III.P3	V.P36
III.P3	V.P40
III.P3	V.P40.C1
III.P3	V.P42
III.P30	III.P31.C1
III.P30	III.P34
III.P30	III.P35
III.P30	III.P42
III.P31	III.P31.C1
III.P31	III.P35
III.P31	IV.P37
III.P32	IV.P34
III.P33	III.P34
III.P33	III.P38
III.P33	III.P42
III.P34	III.P35
III.P34	III.P42
III.P35	III.P36.C1
III.P35	V.P20
III.P36	III.P36.C1
III.P37	III.P39
III.P37	III.P43
III.P37	III.P44
III.P37	IV.P15
III.P37	IV.P37
III.P37	IV.P44
III.P38	III.P43
III.P38	III.P44
III.P39	III.P40.C2
III.P39	IV.P34
III.P39	IV.P45
III.P39	IV.P45.C1
III.P39	IV.P45.C2
III.P39	IV.P70
III.P4	III.P5
III.P4	III.P6
III.P4	III.P8
III.P4	IV.P20
III.P4	IV.P30
III.P40	III.P40.C1
III.P40	III.P40.C2
III.P40	III.P41
III.P40	III.P41.C1
III.P40	III.P43
III.P40	III.P45
III.P41	III.P41.C1
III.P41	III.P43
III.P41	IV.P49
III.P42	IV.P70
III.P43	IV.P46
III.P44	IV.P46
III.P48	V.P6
III.P48	V.P9
III.P49	V.P5
III.P5	III.P10
III.P5	III.P37
III.P5	III.P6
III.P5	IV.P7
III.P51	IV.P33
III.P53	III.P53.C1
III.P53	III.P55.C1
III.P53	III.P58
III.P53	V.P15
III.P54	III.P55
III.P55	III.P55.C1
III.P55	III.P55.C2
III.P55	IV.P34
III.P55	IV.P53
III.P56	IV.P33
III.P58	III.P59
III.P59	IV.P34
III.P59	IV.P51
III.P59	IV.P63
III.P59	IV.P63.C1
III.P59	IV.P69
III.P59	V.P18
III.P59	V.P42
III.P6	III.P12
III.P6	III.P7
III.P6	IV.P20
III.P6	IV.P25
III.P6	IV.P26
III.P6	IV.P31
III.P6	IV.P60
III.P6	IV.P64
III.P7	III.P37
III.P7	III.P54
III.P7	III.P9
III.P7	IV.P15
III.P7	IV.P21
III.P7	IV.P22
III.P7	IV.P25
III.P7	IV.P26
III.P7	IV.P32
III.P7	IV.P33
III.P7	IV.P4
III.P7	IV.P5
III.P7	IV.P53
III.P7	IV.P8
III.P7	V.P25
III.P7	V.P8
III.P7	V.P9
III.P8	III.P9
III.P9	III.P13
III.P9	III.P27.C3
III.P9	III.P28
III.P9	III.P56
III.P9	III.P57
III.P9	III.P58
III.P9	IV.P19
III.P9	IV.P26
III.Post1	III.P12
III.Post1	III.P15
IV.A1	IV.P3
IV.D1	IV.P28
IV.D1	IV.P31
IV.D1	IV.P42
IV.D1	IV.P8
IV.D2	IV.P59
IV.D3	IV.P12
IV.D3	IV.P13
IV.D6	IV.P10.C1
IV.D8	IV.P20
IV.D8	IV.P23
IV.D8	IV.P35.C2
IV.D8	IV.P56
IV.D8	V.P25
IV.D8	V.P42
IV.P1	IV.P17
IV.P1	IV.P66.C1
IV.P10	IV.P10.C1
IV.P10	IV.P12.C1
IV.P11	V.P5
IV.P12	IV.P12.C1
IV.P12.C1	IV.P17
IV.P15	IV.P16
IV.P16	IV.P17
IV.P19	IV.P35
IV.P19	IV.P37
IV.P19	IV.P46
IV.P19	IV.P59
IV.P20	IV.P35.C2
IV.P22	IV.P22.C1
IV.P22.C1	IV.P24
IV.P22.C1	IV.P25
IV.P22.C1	IV.P26
IV.P22.C1	IV.P56
IV.P22.C1	V.P41
IV.P24	IV.P36
IV.P24	IV.P56
IV.P24	IV.P67
IV.P25	IV.P26
IV.P26	IV.P27
IV.P26	IV.P28
IV.P26	IV.P36
IV.P26	IV.P37
IV.P26	IV.P38
IV.P26	IV.P40
IV.P26	IV.P48
IV.P26	IV.P53
IV.P26	V.P10
IV.P26	V.P9
IV.P27	IV.P28
IV.P27	IV.P38
IV.P27	IV.P40
IV.P27	IV.P48
IV.P27	IV.P50
IV.P27	V.P10
IV.P27	V.P9
IV.P28	IV.P36
IV.P28	V.P20
IV.P28	V.P25
IV.P28	V.P27
IV.P29	IV.P31.C1
IV.P3	IV.P1
IV.P3	IV.P15
IV.P3	IV.P4
IV.P3	IV.P43
IV.P3	IV.P6
IV.P3	IV.P69
IV.P30	IV.P34
IV.P30	V.P10
IV.P30	V.P38
IV.P30	V.P39
IV.P31	IV.P31.C1
IV.P31.C1	IV.P35
IV.P31.C1	IV.P35.C1
IV.P33	IV.P35
IV.P34	IV.P35.C1
IV.P34	IV.P35.C2
IV.P35	IV.P35.C1
IV.P35	IV.P35.C2
IV.P35	IV.P37
IV.P35	IV.P40
IV.P35	IV.P71
IV.P36	V.P20
IV.P37	IV.P45
IV.P37	IV.P45.C1
IV.P37	IV.P45.C2
IV.P37	IV.P46
IV.P37	IV.P50
IV.P37	IV.P51
IV.P37	IV.P58
IV.P37	IV.P70
IV.P37	IV.P71
IV.P37	IV.P73
IV.P37	V.P20
IV.P38	IV.P39
IV.P38	IV.P41
IV.P38	IV.P42
IV.P38	IV.P43
IV.P38	V.P39
IV.P39	IV.P42
IV.P4	IV.P12
IV.P4	IV.P4.C1
IV.P41	IV.P43
IV.P41	IV.P47
IV.P41	IV.P50
IV.P41	IV.P59
IV.P43	IV.P44
IV.P43	IV.P47
IV.P43	IV.P59
IV.P45	IV.P45.C1
IV.P45	IV.P45.C2
IV.P45.C1	IV.P46
IV.P5	IV.P43
IV.P5	IV.P6
IV.P5	IV.P69
IV.P5	IV.P7
IV.P5	V.P8
IV.P56	IV.P56.C1
IV.P6	IV.P43
IV.P6	IV.P44
IV.P6	IV.P60
IV.P6	V.P7
IV.P61	IV.P63.C1
IV.P62	IV.P66
IV.P63	IV.P63.C1
IV.P63	IV.P67
IV.P63	IV.P73
IV.P63.C1	IV.P67
IV.P64	IV.P64.C1
IV.P64.C1	IV.P68
IV.P65	IV.P65.C1
IV.P65	IV.P66
IV.P65	IV.P66.C1
IV.P66	IV.P66.C1
IV.P66	IV.P73
IV.P69	IV.P69.C1
IV.P7	IV.P69
IV.P7	IV.P7.C1
IV.P8	IV.P14
IV.P8	IV.P19
IV.P8	IV.P29
IV.P8	IV.P30
IV.P8	IV.P63.C1
IV.P8	IV.P64
IV.P9	IV.P10
IV.P9	IV.P11
IV.P9	IV.P13
IV.P9	IV.P9.C1
IV.P9	V.P7
IV.P9.C1	IV.P12.C1
IV.P9.C1	IV.P16
IV.Pref	IV.P39
IV.Pref	IV.P65
V.A1	V.P7
V.P10	V.P39
V.P11	V.P12
V.P11	V.P16
V.P14	V.P15
V.P14	V.P16
V.P15	V.P16
V.P15	V.P39
V.P16	V.P17.C1
V.P16	V.P39
V.P17	V.P17.C1
V.P17.C1	V.P19
V.P18	V.P18.C1
V.P18	V.P20
V.P21	V.P29
V.P21	V.P31
V.P21	V.P34
V.P21	V.P40.C1
V.P22	V.P23
V.P23	V.P29
V.P23	V.P31
V.P23	V.P38
V.P23	V.P40.C1
V.P24	V.P25
V.P24	V.P27
V.P25	V.P27
V.P27	V.P32
V.P29	V.P31
V.P29	V.P32.C1
V.P29	V.P37
V.P29	V.P38
V.P29	V.P40.C1
V.P3	V.P3.C1
V.P3	V.P4.C1
V.P3.C1	V.P42
V.P30	V.P31
V.P30	V.P32
V.P31	V.P33
V.P32	V.P32.C1
V.P32	V.P36
V.P32	V.P42
V.P32.C1	V.P35
V.P32.C1	V.P36
V.P32.C1	V.P42
V.P33	V.P37
V.P33	V.P39
V.P34	V.P34.C1
V.P35	V.P36
V.P36	V.P36.C1
V.P36	V.P42
V.P37	V.P38
V.P38	V.P42
V.P4	V.P14
V.P4	V.P4.C1
V.P40	V.P40.C1
V.P5	V.P6
V.P8	V.P11
